Domain Type,Agency,Organization,routeable_url,subdomain,domain,tld
Federal Agency - Executive,Administrative Conference of the United States,ADMINISTRATIVE CONFERENCE OF THE UNITED STATES,https://www.acus.gov/,,acus,gov
Federal Agency - Executive,American Battle Monuments Commission,American Battle Monuments Commission,https://www.abmc.gov/,,abmc,gov
Federal Agency - Executive,AMTRAK,Amtrak Office of Inspector General,https://amtrakoig.gov/,,amtrakoig,gov
Federal Agency - Executive,Appalachian Regional Commission,ARC,https://www.arc.gov/,,arc,gov
Federal Agency - Executive,Appraisal Subcommittee,Appraisal Subcommittee,https://www.asc.gov/Home.aspx,,asc,gov
Federal Agency - Executive,Broadcasting Board of Governors,Broadcasting Board of Governors,https://www.usagm.gov/,,usagm,gov
Federal Agency - Executive,Broadcasting Board of Governors,Broadcasting Board of Governors,https://www.voanews.com/,,voanews,com
Federal Agency - Executive,Central Intelligence Agency,Central Intelligence Agency,https://www.cia.gov/index.html,,cia,gov
Federal Agency - Executive,Central Intelligence Agency,National Counterterrorism Center,https://www.dni.gov/index.php/nctc-home,,dni,gov
Federal Agency - Executive,Chemical Safety Board,U.S. Chemical Safety and Hazard Investigation Board,https://www.csb.gov/,,csb,gov
Federal Agency - Executive,Civil Air Patrol,"CIVIL AIR PATROL, USAF AUX.",https://www.gocivilairpatrol.com/,,gocivilairpatrol,com
Federal Agency - Executive,Civil Air Patrol,Civil Air Patrol,https://capnhq.gov/Default.aspx?ReturnUrl=%2f,,capnhq,gov
Federal Agency - Executive,Commodity Futures Trading Commission,U.S. Commodity Futures Trading Commission,https://cftc.gov/,,cftc,gov
Federal Agency - Executive,Commodity Futures Trading Commission,U.S. Commodity Futures Trading Commission,https://whistleblower.gov/,,whistleblower,gov
Federal Agency - Executive,Consumer Financial Protection Bureau,Consumer Financial Protection Bureau,https://www.consumerfinance.gov/,,consumerfinance,gov
Federal Agency - Executive,Consumer Financial Protection Bureau,CFPB,https://www.mimm.gov/,,mimm,gov
Federal Agency - Executive,Consumer Product Safety Commission,Consumer Product Safety Commission,https://anchorit.gov/,,anchorit,gov
Federal Agency - Executive,Consumer Product Safety Commission,Consumer Product Safety Commission,https://www.cpsc.gov/Safety-Education/Safety-Education-Centers/ATV-Safety-Information-Center/,,cpsc,gov
Federal Agency - Executive,Consumer Product Safety Commission,Consumer Product Safety Commission,https://www.poolsafely.gov,,poolsafely,gov
Federal Agency - Executive,Consumer Product Safety Commission,Consumer Product Safety Commission,https://recalls.gov/,,recalls,gov
Federal Agency - Executive,Consumer Product Safety Commission,Consumer Product Safety Commission,https://www.saferproducts.gov,,saferproducts,gov
Federal Agency - Executive,Corporation for National and Community Service,Corporation for National & Community Service,https://www.nationalservice.gov/programs/americorps,,nationalservice,gov
Federal Agency - Executive,Corporation for National and Community Service,Corporation for National & Community Service,https://vistacampus.gov/,,vistacampus,gov
Federal Agency - Executive,Corporation for National and Community Service,Office Of Inspector General,http://www.cncsoig.gov/,,cncsoig,gov
Federal Agency - Executive,Council of Inspectors General on Integrity and Efficiency,Council of Inspectors General on Integrity and Efficiency,https://ignet.gov/,,ignet,gov
Federal Agency - Executive,Council of Inspectors General on Integrity and Efficiency,Council of Inspectors General on Integrity and Efficiency,https://oversight.gov/,,oversight,gov
Federal Agency - Executive,Court Services and Offender Supervision,Court Services and Offender Supervision,https://www.csosa.gov/,,csosa,gov
Federal Agency - Executive,Court Services and Offender Supervision,Pretrial Services Agency for the District of Columbia,https://pretrialservices.gov/,,pretrialservices,gov
Federal Agency - Executive,Court Services and Offender Supervision,Court Services and Offender Supervision Agency,https://psa.gov/,,psa,gov
Federal Agency - Executive,Defense Nuclear Facilities Safety Board,Defense Nuclear Facilities Safety Board,https://www.dnfsb.gov/,,dnfsb,gov
Federal Agency - Executive,Delta Regional Authority,Delta Regional Authority,https://dra.gov/,,dra,gov
Federal Agency - Executive,Denali Commission,Denali Commission,https://www.denali.gov/,,denali,gov
Federal Agency - Executive,Denali Commission,Alaska Federal Executive Association,https://fea.gov/,,fea,gov
Federal Agency - Executive,Department of Commerce,U.S. Census Bureau,https://2020census.gov/,,2020census,gov
Federal Agency - Executive,Department of Commerce,TCD / BIS / Dept of Commerce,https://www.bis.doc.gov/index.php/other-areas/additional-protocol-ap,bis,doc,gov
Federal Agency - Executive,Department of Commerce,National Weather Service,https://aviationweather.gov/,,aviationweather,gov
Federal Agency - Executive,Department of Commerce,Bureau of Economic Analysis,https://www.bea.gov/,,bea,gov
Federal Agency - Executive,Department of Commerce,International Trade Administration,https://www.buyusa.gov/,,buyusa,gov
Federal Agency - Executive,Department of Commerce,U.S. Census Bureau,https://www.census.gov/,,census,gov
Federal Agency - Executive,Department of Commerce,U.S. Census Bureau,https://cep.gov/,,cep,gov
Federal Agency - Executive,Department of Commerce,NWS/OPS33,https://climate.gov/,,climate,gov
Federal Agency - Executive,Department of Commerce,Depatment of Commerce,https://www.commerce.gov/,,commerce,gov
Federal Agency - Executive,Department of Commerce,National Institute of Standards & Technology,https://dnsops.gov/,,dnsops,gov
Federal Agency - Executive,Department of Commerce,NOAA National Climatic Data Center,https://www.drought.gov/drought/,,drought,gov
Federal Agency - Executive,Department of Commerce,Office of Weather and Air Quality,https://earthsystemprediction.gov/,,earthsystemprediction,gov
Federal Agency - Executive,Department of Commerce,Economic Development Administration,https://eda.gov/,,eda,gov
Federal Agency - Executive,Department of Commerce,International Trade Administration,https://www.trade.gov/export-solutions,,trade,gov
Federal Agency - Executive,Department of Commerce,National Telecommunications and Information Administration,https://firstnet.gov/,,firstnet,gov
Federal Agency - Executive,Department of Commerce,NOAA Fisheries,https://www.fishwatch.gov/,,fishwatch,gov
Federal Agency - Executive,National Aeronautics and Space Administration,NASA Goddard Space Flight Center,https://goes-r.gov/,,goes-r,gov
Federal Agency - Executive,Department of Commerce,National Executive Committee for Space-Based PNT,https://www.gps.gov/,,gps,gov
Federal Agency - Executive,Department of Commerce,US Census Bureau,https://www.luca-appeals.gov/,,luca-appeals,gov
Federal Agency - Executive,Department of Commerce,National Institute of Standards & Technology,https://www.manufacturing.gov/,,manufacturing,gov
Federal Agency - Executive,Department of Commerce,Minority Business Development Agency,https://www.mbda.gov/,,mbda,gov
Federal Agency - Executive,Department of Commerce,National Institute of Standards & Technology,https://mgi.gov/,,mgi,gov
Federal Agency - Executive,Department of Commerce,National Institute of Standards & Technology,https://nehrp.gov/,,nehrp,gov
Federal Agency - Executive,Department of Commerce,National Institute of Standards & Technology,https://www.nist.gov/,,nist,gov
Federal Agency - Executive,Department of Commerce,National Oceanic and Atmospheric Administration,https://www.noaa.gov/,,noaa,gov
Federal Agency - Executive,Department of Commerce,National Telecommunications and Information Administration,https://www.ntia.gov/,,ntia,gov
Federal Agency - Executive,Department of Commerce,National Technical Information Service,https://ntis.gov/,,ntis,gov
Federal Agency - Executive,Department of Commerce,Office of the Federal Coordinator for Meteorolgy,https://www.ofcm.gov/,,ofcm,gov
Federal Agency - Executive,Department of Commerce,National Oceanic and Atmospheric Administration,https://www.papahanaumokuakea.gov/,,papahanaumokuakea,gov
Federal Agency - Executive,Department of Commerce,International Trade Administration,https://www.privacyshield.gov/welcome,,privacyshield,gov
Federal Agency - Executive,Department of Commerce,National Science and Technology Council,https://www.sdr.gov/,,sdr,gov
Federal Agency - Executive,Department of Commerce,Department of Commerce,https://www.selectusa.gov/welcome,,selectusa,gov
Federal Agency - Executive,Department of Commerce,National Telecommunications and Information Administration,https://www.ntia.doc.gov/other-publication/2017/federal-government-spectrum-compendium,ntia,doc,gov
Federal Agency - Executive,Department of Commerce,International Trade Administration,https://www.stopfakes.gov/welcome,,stopfakes,gov
Federal Agency - Executive,Department of Commerce,NOAA/Space Weather Prediction Center,https://www.sworm.gov/,,sworm,gov
Federal Agency - Executive,Department of Commerce,National Institute of Standards & Technology,https://time.gov/,,time,gov
Federal Agency - Executive,Department of Commerce,West Coast & Alaska Tsunami Warning Center,https://tsunami.gov/,,tsunami,gov
Federal Agency - Executive,Department of Commerce,Patent and Trademark Office,https://www.uspto.gov/,,uspto,gov
Federal Agency - Executive,Department of Commerce,National Oceanic and Atmospheric Administration,https://www.weather.gov/,,weather,gov
Federal Agency - Executive,Department of Defense,Advanced Distributed Learning Initiative,https://adlnet.gov/,,adlnet,gov
Federal Agency - Executive,Department of Defense,Multijurisdictional Counterdrug Task Force Training Program,https://mctft.org/portfolio-item/ctoc/,,mctft,org
Federal Agency - Executive,Department of Defense,Combating Terrorism Technical Support Office,https://cttso.gov/,,cttso,gov
Federal Agency - Executive,Department of Defense,Defense Media Activity,https://www.defense.gov/,,defense,gov
Federal Agency - Executive,Department of Defense,Federal Voting Assistance Program,https://www.fvap.gov/,,fvap,gov
Federal Agency - Executive,Department of Defense,Mojave Desert Ecosystem Program,https://mojavedata.gov/,,mojavedata,gov
Federal Agency - Executive,Department of Defense,Office Of Warrior Care Policy,https://nationalresourcedirectory.gov/,,nationalresourcedirectory,gov
Federal Agency - Executive,Department of Defense,Office Of Warrior Care Policy,https://nrd.gov/,,nrd,gov
Federal Agency - Executive,Department of Defense,National Reconnaissance Office,https://www.nro.gov/,,nro,gov
Federal Agency - Executive,Department of Defense,National Security Agency,https://www.nsa.gov/,,nsa,gov
Federal Agency - Executive,Department of Defense,National Security Education Program (NSEP) at DLNSEO,https://nsep.gov/,,nsep,gov
Federal Agency - Executive,Department of Defense,Office of Economic Adjustment,https://oea.gov/,,oea,gov
Federal Agency - Executive,Department of Defense,Defense Intelligence Agency,https://www.siteidiq.gov/,,siteidiq,gov
Federal Agency - Executive,Department of Defense,Technical Support Working Group,https://www.tswg.gov/,,tswg,gov
Federal Agency - Executive,Department of Education,Department of Education,https://budgetlob.max.gov/,budgetlob,max,gov
Federal Agency - Executive,Department of Education,Department of Education,https://www.childstats.gov/,,childstats,gov
Federal Agency - Executive,Department of Education,Department of Education,https://nces.ed.gov/collegenavigator/,nces,ed,gov
Federal Agency - Executive,Department of Education,Department of Education,https://www.ed.gov/,,ed,gov
Federal Agency - Executive,Department of Education,Department of Education,https://g5.gov/,,g5,gov
Federal Agency - Executive,Department of Education,Department of Education,https://www.nagb.gov/,,nagb,gov
Federal Agency - Executive,Department of Education,Department of Education,https://www.nationsreportcard.gov/,,nationsreportcard,gov
Federal Agency - Executive,Department of Energy,Ames Laboratory,https://www.ameslab.gov/,,ameslab,gov
Federal Agency - Executive,Department of Energy,Argonne National Laboratory,https://www.anl.gov/,,anl,gov
Federal Agency - Executive,Department of Energy,Battelle Pacific Northwest National Laboratory,https://arm.gov/,,arm,gov
Federal Agency - Executive,Department of Energy,Office of Energy Efficiency and Renewable Energy,https://biomassboard.gov/,,biomassboard,gov
Federal Agency - Executive,Department of Energy,Brookhaven National Laboratory,https://www.bnl.gov/world/,,bnl,gov
Federal Agency - Executive,Department of Energy,Bonneville Power Administration,https://www.bpa.gov/Pages/home.aspx,,bpa,gov
Federal Agency - Executive,Department of Energy,Oak Ridge National Laboratory,https://casl.gov/,,casl,gov
Federal Agency - Executive,Department of Energy,Office of the Chief Information Officer,https://www.energy.gov/,,energy,gov
Federal Agency - Executive,Department of Energy,Department of Energy Bulding Energy Codes Program,https://www.energycodes.gov/,,energycodes,gov
Federal Agency - Executive,Department of Energy,Fermi National Accelerator Laboratory,https://fnal.gov/,,fnal,gov
Federal Agency - Executive,Department of Energy,Oak Ridge National Laboratory,https://fueleconomy.gov/,,fueleconomy,gov
Federal Agency - Executive,Department of Energy,"Mission Support Alliance, LLC",https://www.hanford.gov/,,hanford,gov
Federal Agency - Executive,Department of Energy,Research and Special Programs Administration / Volpe,https://hydrogen.gov/,,hydrogen,gov
Federal Agency - Executive,Department of Energy,Idaho National Laboratory,https://inl.gov/,,inl,gov
Federal Agency - Executive,Department of Energy,The National Isotope Development Center,https://isotopes.gov/,,isotopes,gov
Federal Agency - Executive,Department of Energy,Los Alamos National Laboratory,https://lanl.gov/,,lanl,gov
Federal Agency - Executive,Department of Energy,Lawrence Livermore National Laboratory,https://www.llnl.gov/,,llnl,gov
Federal Agency - Executive,Department of Energy,Oak Ridge National Laboratory,https://www.olcf.ornl.gov/,olcf,ornl,gov
Federal Agency - Executive,Department of Energy,National Renewable Energy Laboratory,https://www.nrel.gov/,,nrel,gov
Federal Agency - Executive,Department of Energy,Oak Ridge National Laboratory,https://www.ornl.gov/transportation,,ornl,gov
Federal Agency - Executive,Department of Energy,Oak Ridge Associated Universities,https://orise.orau.gov/index.html,orise,orau,gov
Federal Agency - Executive,Department of Energy,Office of Scientific and Technical Information,https://www.osti.gov/,,osti,gov
Federal Agency - Executive,Department of Energy,Pacific Northwest National Laboratory,https://www.pnnl.gov,,pnnl,gov
Federal Agency - Executive,Department of Energy,Bonneville Power Administration,https://www.salmonrecovery.gov/,,salmonrecovery,gov
Federal Agency - Executive,Department of Energy,Sandia National Laboratories,https://sandia.gov/,,sandia,gov
Federal Agency - Executive,Department of Energy,Oak Ridge National Laboratory,https://scidac.gov/,,scidac,gov
Federal Agency - Executive,Department of Energy,Office of Scientific and Technical Information,https://www.science.gov/,,science,gov
Federal Agency - Executive,Department of Energy,Office of Electricity Delivery and Energy Reliability,https://smartgrid.gov/,,smartgrid,gov
Federal Agency - Executive,Department of Energy,Oak Ridge National Laboratory,https://sns.gov/,,sns,gov
Federal Agency - Executive,Department of Energy,Office of Energy Efficiency &  Renewable Energy,https://www.solardecathlon.gov/,,solardecathlon,gov
Federal Agency - Executive,Department of Energy,Savannah River Nuclear Solutions (SRNS),https://www.srs.gov/,,srs,gov
Federal Agency - Executive,Department of Health and Human Services,Administration for Community Living,https://acl.gov/,,acl,gov
Federal Agency - Executive,Department of Health and Human Services,Department of Health and Human Services,https://www.hhs.gov/aging/index.html,,hhs,gov
Federal Agency - Executive,Department of Health and Human Services,Health and Human Services,https://agingstats.gov/,,agingstats,gov
Federal Agency - Executive,Department of Health and Human Services,Agency for Healthcare Research and Quality,https://www.ahrq.gov/,,ahrq,gov
Federal Agency - Executive,Department of Health and Human Services,Health and Human Services,https://www.hiv.gov/,,hiv,gov
Federal Agency - Executive,Department of Health and Human Services,"National Institute on Aging, National Institutes of Health",https://www.alzheimers.gov/,,alzheimers,gov
Federal Agency - Executive,Department of Health and Human Services,Department of Health and Human Services,https://betobaccofree.hhs.gov/,betobaccofree,hhs,gov
Federal Agency - Executive,Department of Health and Human Services,"National Institute on Aging, National Institutes of Health",https://www.nia.nih.gov/health/cognitive-health,nia,nih,gov
Federal Agency - Executive,Department of Health and Human Services,National Cancer Institute,https://www.cancer.gov/,,cancer,gov
Federal Agency - Executive,Department of Health and Human Services,Centers For Disease Control and Prevention,https://www.cdc.gov/,,cdc,gov
Federal Agency - Executive,Department of Health and Human Services,Administration for Children and Families,https://childcare.gov/,,childcare,gov
Federal Agency - Executive,Department of Health and Human Services,National Library of Medicine,https://clinicaltrials.gov/,,clinicaltrials,gov
Federal Agency - Executive,Department of Health and Human Services,Centers for Medicare & Medicaid Services,https://www.cms.gov/,,cms,gov
Federal Agency - Executive,Department of Health and Human Services,National Institute on Alcohol Abuse and Alcoholism,https://www.collegedrinkingprevention.gov/,,collegedrinkingprevention,gov
Federal Agency - Executive,Department of Health and Human Services,Centers for Medicare & Medicaid Services,https://www.cuidadodesalud.gov/es/,,cuidadodesalud,gov
Federal Agency - Executive,Department of Health and Human Services,National Library of Medicine,https://docline.gov/docline/needs_authentication/?next=/docline/,,docline,gov
Federal Agency - Executive,Department of Health and Human Services,Health Resources and Services Administration,https://donaciondeorganos.gov/,,donaciondeorganos,gov
Federal Agency - Executive,Department of Health and Human Services,National Institute on Drug Abuse,https://www.drugabuse.gov/,,drugabuse,gov
Federal Agency - Executive,Department of Health and Human Services,National Institutes of Health,https://public.era.nih.gov/iedison/public/login.do?TARGET=https%3A%2F%2Fpublic.era.nih.gov%2Fiedison%2Finit.do,public.era,nih,gov
Federal Agency - Executive,Department of Health and Human Services,"Health and Human Services, Administration on Aging",https://www.eldercare.gov/,,eldercare,gov
Federal Agency - Executive,Department of Health and Human Services,Health and Human Services,https://endingthedocumentgame.gov/,,endingthedocumentgame,gov
Federal Agency - Executive,Department of Health and Human Services,Health and Human Services,https://everytrycounts.betobaccofree.hhs.gov/,everytrycounts.betobaccofree,hhs,gov
Federal Agency - Executive,Department of Health and Human Services,Department of Health and Human Services,https://fatherhood.gov/,,fatherhood,gov
Federal Agency - Executive,Department of Health and Human Services,U.S. Food and Drug Administration,https://www.fda.gov/,,fda,gov
Federal Agency - Executive,Department of Health and Human Services,Substance Abuse and Mental Health Services Administration,https://findtreatment.gov/,,findtreatment,gov
Federal Agency - Executive,Department of Health and Human Services,Health and Human Services,https://www.foodsafety.gov/,,foodsafety,gov
Federal Agency - Executive,Department of Health and Human Services,Department of Health and Human Services,https://freshempire.betobaccofree.hhs.gov/,freshempire.betobaccofree,hhs,gov
Federal Agency - Executive,Department of Health and Human Services,National Institutes of Health,https://www.genome.gov/,,genome,gov
Federal Agency - Executive,Department of Health and Human Services,"Office of Public Health and Science, Office on Women's Health",https://www.girlshealth.gov/,,girlshealth,gov
Federal Agency - Executive,Department of Health and Human Services,Department of Health and Human Services,https://www.grants.gov/,,grants,gov
Federal Agency - Executive,Department of Health and Human Services,Health and Human Services,https://grantsolutions.gov/,,grantsolutions,gov
Federal Agency - Executive,Department of Health and Human Services,Centers for Medicare and Medicaid Services,https://www.healthcare.gov/,,healthcare,gov
Federal Agency - Executive,Department of Health and Human Services,Health and Human Services,https://health.gov/,,health,gov
Federal Agency - Executive,Department of Health and Human Services,Office of the Secretary,https://healthdata.gov/,,healthdata,gov
Federal Agency - Executive,Department of Health and Human Services,Office of the National Coordinator,https://www.healthit.gov/,,healthit,gov
Federal Agency - Executive,Department of Health and Human Services,Office of Disease Prevention and Health Promotion,https://www.healthypeople.gov/,,healthypeople,gov
Federal Agency - Executive,Department of Health and Human Services,"National Heart, Lung & Blood Institute",https://www.nhlbi.nih.gov/health-topics/education-and-awareness/heart-truth,nhlbi,nih,gov
Federal Agency - Executive,Department of Health and Human Services,Health Resources and Services Administration,https://www.hrsa.gov/,,hrsa,gov
Federal Agency - Executive,Department of Health and Human Services,Indian Health Service / Office of IT,https://www.ihs.gov/,,ihs,gov
Federal Agency - Executive,Department of Health and Human Services,Centers for Medicare & Medicaid Services,https://www.insurekidsnow.gov/,,insurekidsnow,gov
Federal Agency - Executive,Department of Health and Human Services,National Library of Medicine,https://locatorplus.gov/,,locatorplus,gov
Federal Agency - Executive,Department of Health and Human Services,Department of Health and Human Services,https://longtermcare.acl.gov/,longtermcare,acl,gov
Federal Agency - Executive,Department of Health and Human Services,Centers for Medicare & Medicaid Services,https://www.medicaid.gov/,,medicaid,gov
Federal Agency - Executive,Department of Health and Human Services,Health and Human Services,https://medicalcountermeasures.gov/,,medicalcountermeasures,gov
Federal Agency - Executive,Department of Health and Human Services,Centers for Medicare & Medicaid Services,https://www.medicare.gov/,,medicare,gov
Federal Agency - Executive,Department of Health and Human Services,National Library of Medicine,https://medlineplus.gov/,,medlineplus,gov
Federal Agency - Executive,Department of Health and Human Services,Substance Abuse and Mental Health Services Administration,https://www.mentalhealth.gov/,,mentalhealth,gov
Federal Agency - Executive,Department of Health and Human Services,National Library of Medicine,https://meshb.nlm.nih.gov,meshb.nlm,nih,gov
Federal Agency - Executive,Department of Health and Human Services,National Institutes of Health,https://www.nih.gov/,,nih,gov
Federal Agency - Executive,Department of Health and Human Services,National Library of Medicine,https://www.nlm.nih.gov/,nlm,nih,gov
Federal Agency - Executive,Department of Health and Human Services,Health and Human Services,https://www.organdonor.gov/,,organdonor,gov
Federal Agency - Executive,Department of Health and Human Services,Assistant Secretary for Preparedness and Response,https://www.phe.gov:443/emergency/pages/default.aspx,,phe,gov
Federal Agency - Executive,Department of Health and Human Services,Program Support Center,https://psc.gov/,,psc,gov
Federal Agency - Executive,Department of Health and Human Services,National Library of Medicine,https://pubmed.ncbi.nlm.nih.gov/,pubmed.ncbi.nlm,nih,gov
Federal Agency - Executive,Department of Health and Human Services,Substance Abuse and Mental Health Services Administration,http://www.recoverymonth.gov/,,recoverymonth,gov
Federal Agency - Executive,Department of Health and Human Services,Substance Abuse and Mental Health Services Administration,https://www.samhsa.gov/,,samhsa,gov
Federal Agency - Executive,Department of Health and Human Services,Department of Health and Human Services,https://www.selectagents.gov/,,selectagents,gov
Federal Agency - Executive,Department of Health and Human Services,National Cancer Institute,https://smokefree.gov/,,smokefree,gov
Federal Agency - Executive,Department of Health and Human Services,Department of Health and Human Services,https://www.stopbullying.gov/,,stopbullying,gov
Federal Agency - Executive,Department of Health and Human Services,Department of Health and Human Services,https://therealcost.betobaccofree.hhs.gov/,therealcost.betobaccofree,hhs,gov
Federal Agency - Executive,Department of Health and Human Services,Department of Health and Human Services,https://thisfreelife.betobaccofree.hhs.gov/,thisfreelife.betobaccofree,hhs,gov
Federal Agency - Executive,Department of Health and Human Services,National Center for Advancing Translational Sciences,https://tox21.gov/,,tox21,gov
Federal Agency - Executive,Department of Health and Human Services,Health and Human Services,https://www.usphs.gov/,,usphs,gov
Federal Agency - Executive,Department of Health and Human Services,Department of Health and Human Services,https://www.vaccines.gov/,,vaccines,gov
Federal Agency - Executive,Department of Health and Human Services,Administration for Community Living,https://whitehouseconferenceonaging.gov/,,whitehouseconferenceonaging,gov
Federal Agency - Executive,Department of Health and Human Services,"Office of Public Health and Science, Office on Women's Health",https://www.womenshealth.gov/,,womenshealth,gov
Federal Agency - Executive,Department of Homeland Security,US-VISIT,https://www.dhs.gov/biometrics,,dhs,gov
Federal Agency - Executive,Department of Homeland Security,U.S. Customs and Border Protection,https://www.cbp.gov/,,cbp,gov
Federal Agency - Executive,Department of Homeland Security,Department of Homeland Security,https://www.cisa.gov/,,cisa,gov
Federal Agency - Executive,Department of Homeland Security,United States Secret Service,https://www.cpnireporting.gov/cpni/index.xhtml;jsessionid=gU7-E2tLJ63naFgT8uXu1LHt?dswid=-6611,,cpnireporting,gov
Federal Agency - Executive,Department of Homeland Security,Federal Emergency Management Agency,https://www.disasterassistance.gov/,,disasterassistance,gov
Federal Agency - Executive,Department of Homeland Security,US Citizenship and Immigration Services,https://www.e-verify.gov/,,e-verify,gov
Federal Agency - Executive,Department of Homeland Security,U.S. Customs and Border Protection,https://www.evus.gov/,,evus,gov
Federal Agency - Executive,Department of Homeland Security,Federal Emergency Management Agency,https://www.fema.gov/,,fema,gov
Federal Agency - Executive,Department of Homeland Security,Office for Domestic Preparedness,https://www.firstrespondertraining.gov/frts/,,firstrespondertraining,gov
Federal Agency - Executive,Department of Homeland Security,Federal Law Enforcement Training Center,https://www.fleta.gov/,,fleta,gov
Federal Agency - Executive,Department of Homeland Security,Federal Law Enforcement Training Center,https://www.fletc.gov/,,fletc,gov
Federal Agency - Executive,Department of Homeland Security,"Transportation Security Administration, Credentialing Program Office",https://flightschoolcandidates.gov/,,flightschoolcandidates,gov
Federal Agency - Executive,Department of Homeland Security,Federal Emergency Management Agency,https://www.floodsmart.gov/,,floodsmart,gov
Federal Agency - Executive,Department of Homeland Security,U.S. Immigration and Customs Enforcement,https://www.ice.gov/,,ice,gov
Federal Agency - Executive,Department of Homeland Security,Office of Public Affairs,https://www.listo.gov/es,,listo,gov
Federal Agency - Executive,Department of Homeland Security,Office of the Chief Information Officer,https://www.niem.gov/,,niem,gov
Federal Agency - Executive,Department of Homeland Security,Office of Public Affairs,https://www.ready.gov/,,ready,gov
Federal Agency - Executive,Department of Homeland Security,Department of Homeland Security,https://www.schoolsafety.gov/,,schoolsafety,gov
Federal Agency - Executive,Department of Homeland Security,United States Secret Service,https://www.secretservice.gov/,,secretservice,gov
Federal Agency - Executive,Department of Homeland Security,Transportation Security Administration,https://www.tsa.gov/,,tsa,gov
Federal Agency - Executive,Department of Homeland Security,United States Computer Emergency Readiness Team,https://www.us-cert.gov/,,us-cert,gov
Federal Agency - Executive,Department of Homeland Security,US Citizenship and Immigration Services,https://www.uscis.gov/,,uscis,gov
Federal Agency - Executive,Department of Housing and Urban Development,Department of Housing and Urban Development,https://www.hud.gov,,hud,gov
Federal Agency - Executive,Department of Housing and Urban Development,Department of Housing and Urban Development,https://fha.gov/,,fha,gov
Federal Agency - Executive,Department of Housing and Urban Development,Government National Mortgage Association,https://ginniemae.gov/pages/default.aspx,,ginniemae,gov
Federal Agency - Executive,Department of Housing and Urban Development,Department of Housing and Urban Development,https://homesales.gov/homesales/mainAction.do,,homesales,gov
Federal Agency - Executive,Department of Housing and Urban Development,Office of Inspector General,https://hudoig.gov/,,hudoig,gov
Federal Agency - Executive,Department of Housing and Urban Development,Office of Policy Development and Research,https://www.huduser.gov/,,huduser,gov
Federal Agency - Executive,Department of Housing and Urban Development,Department of Housing and Urban Development,https://opportunityzones.hud.gov/,opportunityzones,hud,gov
Federal Agency - Executive,Department of Justice,Department of Justice,https://www.ada.gov/,,ada,gov
Federal Agency - Executive,Department of Justice,Department of Justice,https://amberalert.ojp.gov/,amberalert,ojp,gov
Federal Agency - Executive,Department of Justice,"Bureau of Alcohol, Tobacco, Firearms and Explosives",https://www.atf.gov,,atf,gov
Federal Agency - Executive,Department of Justice,"Bureau of Alcohol, Tobacco, Firearms and Explosives",https://www.atfonline.gov/default.htm,,atfonline,gov
Federal Agency - Executive,Department of Justice,Criminal Justice Information Services,https://www.fbi.gov/services/cjis/fingerprints-and-other-biometrics/biometric-center-of-excellence-1,,fbi,gov
Federal Agency - Executive,Department of Justice,Office of Justice Programs,https://bja.ojp.gov/,bja,ojp,gov
Federal Agency - Executive,Department of Justice,Office of Justice Programs,https://bjs.gov/,,bjs,gov
Federal Agency - Executive,Department of Justice,Federal Bureau of Prisons,https://www.bop.gov/,,bop,gov
Federal Agency - Executive,Department of Justice,Drug Enforcement Administration,https://www.campusdrugprevention.gov/,,campusdrugprevention,gov
Federal Agency - Executive,Department of Justice,Office of Justice Programs,https://crimesolutions.gov/,,crimesolutions,gov
Federal Agency - Executive,Department of Justice,Office of Justice Programs,https://crimevictims.gov/,,crimevictims,gov
Federal Agency - Executive,Department of Justice,Department of Justice,https://www.justice.gov/criminal-ccips,,justice,gov
Federal Agency - Executive,Department of Justice,Department of Justice,https://www.dea.gov/,,dea,gov
Federal Agency - Executive,Department of Justice,Department of Justice,https://www.deaecom.gov/,,deaecom,gov
Federal Agency - Executive,Department of Justice,Domestic Security Alliance Council,https://www.dsac.gov,,dsac,gov
Federal Agency - Executive,Department of Justice,Federal Bureau of Investigation,https://fbijobs.gov/,,fbijobs,gov
Federal Agency - Executive,Department of Justice,Office of e-Government,https://www.foia.gov/,,foia,gov
Federal Agency - Executive,Department of Justice,Criminal Division,https://forfeiture.gov/,,forfeiture,gov
Federal Agency - Executive,Department of Justice,Drug Enforcement Agency,https://www.getsmartaboutdrugs.gov/,,getsmartaboutdrugs,gov
Federal Agency - Executive,Department of Justice,Internet Crime Complaint Center,https://ic3.gov/,,ic3,gov
Federal Agency - Executive,Department of Justice,U.S Immigration and Customs Enforcement,https://www.iprcenter.gov/,,iprcenter,gov
Federal Agency - Executive,Department of Justice,Department of Justice,https://www.justthinktwice.gov/,,justthinktwice,gov
Federal Agency - Executive,Department of Justice,Office of Justice Programs,https://www.juvenilecouncil.gov/,,juvenilecouncil,gov
Federal Agency - Executive,Department of Justice,"Bureau of Alcohol, Tobacco, Firearms and Explosives",https://www.learnatf.gov/landingpage/index.html,,learnatf,gov
Federal Agency - Executive,Department of Justice,Department of Justice,https://www.lep.gov/,,lep,gov
Federal Agency - Executive,Department of Justice,Federal Bureau of Investigation,https://malwareinvestigator.gov/,,malwareinvestigator,gov
Federal Agency - Executive,Department of Justice,Department of Justice,https://www.medalofvalor.gov/,,medalofvalor,gov
Federal Agency - Executive,Department of Justice,Institute for Intergovernmental Research,https://www.nationalgangcenter.gov/,,nationalgangcenter,gov
Federal Agency - Executive,Department of Justice,Institute for Intergovernemental Research,https://www.ncirc.gov/,,ncirc,gov
Federal Agency - Executive,Department of Justice,Department of Justice,https://www.ncjrs.gov/,,ncjrs,gov
Federal Agency - Executive,Department of Justice,Department of Justice,https://nicic.gov/,,nicic,gov
Federal Agency - Executive,Department of Justice,Federal Bureau of Investigation,https://nicsezcheckfbi.gov/,,nicsezcheckfbi,gov
Federal Agency - Executive,Department of Justice,Office of Justice Programs,https://nij.ojp.gov/,nij,ojp,gov
Federal Agency - Executive,Department of Justice,Office of Justice Programs,https://vehiclehistory.bja.ojp.gov/,vehiclehistory.bja,ojp,gov
Federal Agency - Executive,Department of Justice,Department of Justice,https://www.nsopw.gov/,,nsopw,gov
Federal Agency - Executive,Department of Justice,Office of Justice Programs,https://ojjdp.ojp.gov/,ojjdp,ojp,gov
Federal Agency - Executive,Department of Justice,Office of Justice Programs,https://www.ojp.gov/,,ojp,gov
Federal Agency - Executive,Department of Justice,Department of Justice,https://ovc.ojp.gov/,ovc,ojp,gov
Federal Agency - Executive,Department of Justice,Office of Justice Programs,https://psob.bja.ojp.gov/,psob.bja,ojp,gov
Federal Agency - Executive,Department of Justice,Regional Computer Forensics Laboratory,https://www.rcfl.gov,,rcfl,gov
Federal Agency - Executive,Department of Justice,Office of Justice Programs,https://smart.ojp.gov/,smart,ojp,gov
Federal Agency - Executive,Department of Justice,Office of Justice Programs,https://ucrdatatool.gov/,,ucrdatatool,gov
Federal Agency - Executive,Department of Justice,Unicor,https://unicor.gov/index.aspx,,unicor,gov
Federal Agency - Executive,Department of Justice,Department of Justice,https://www.usmarshals.gov,,usmarshals,gov
Federal Agency - Executive,Department of Justice,Department of Justice,https://www.vcf.gov/,,vcf,gov
Federal Agency - Executive,Department of Labor,Bureau of Labor Statistics,https://www.bls.gov/,,bls,gov
Federal Agency - Executive,Department of Labor,Office of Disability Employment Policy,https://www.dol.gov/odep/topics/disability.htm,,dol,gov
Federal Agency - Executive,Department of Labor,Office of the Chief Information Officer,https://www.employer.gov/,,employer,gov
Federal Agency - Executive,Department of Labor,Job Corps National Data Center,https://www.jobcorps.gov/,,jobcorps,gov
Federal Agency - Executive,Department of Labor,Mine Safety and Health Administration (MSHA),https://www.msha.gov/,,msha,gov
Federal Agency - Executive,Department of Labor,Department of Labor,https://www.osha.gov/,,osha,gov
Federal Agency - Executive,Department of Labor,Department of Labor,https://www.veterans.gov/,,veterans,gov
Federal Agency - Executive,Department of Labor,Department of Labor,https://www.whistleblowers.gov/,,whistleblowers,gov
Federal Agency - Executive,Department of Labor,Office of the Chief Information Officer,https://www.worker.gov/,,worker,gov
Federal Agency - Executive,Department of Labor,Office of Disability Employment Policy,https://www.wrp.gov,,wrp,gov
Federal Agency - Executive,Department of Labor,Department of Labor,https://www.youthrules.gov/,,youthrules,gov
Federal Agency - Executive,Department of State,"Chemical Weapons Convention, Treaty Compliance Division",https://cwc.gov/,,cwc,gov
Federal Agency - Executive,Department of State,Department of State,https://fan.gov/,,fan,gov
Federal Agency - Executive,Department of State,Department of State,https://foreignassistance.gov/,,foreignassistance,gov
Federal Agency - Executive,Department of State,Foreign Service Grievance Board,https://www.fsgb.gov/,,fsgb,gov
Federal Agency - Executive,Department of State,Department of State,https://iawg.gov/,,iawg,gov
Federal Agency - Executive,Department of State,International Boundary and Water Commission,https://ibwc.gov/,,ibwc,gov
Federal Agency - Executive,Department of State,Department of State,https://www.osac.gov/Home/Error?errorCode=404,,osac,gov
Federal Agency - Executive,Department of State,Department of State,https://www.state.gov/pepfar/,,state,gov
Federal Agency - Executive,Department of State,Department of State,https://www.usembassy.gov/,,usembassy,gov
Federal Agency - Executive,Department of State,Office Of Inspector General,https://www.stateoig.gov/,,stateoig,gov
Federal Agency - Executive,Department of the Interior,Bureau of Land Management,https://abandonedmines.gov/,,abandonedmines,gov
Federal Agency - Executive,Department of the Interior,Advisory Committee on Water Information,https://acwi.gov/,,acwi,gov
Federal Agency - Executive,Department of the Interior,National Park Service,https://www.alaskacenters.gov/,,alaskacenters,gov
Federal Agency - Executive,Department of the Interior,Aquatic Nuisance Species Task Force,https://anstaskforce.gov/default.php,,anstaskforce,gov
Federal Agency - Executive,Department of the Interior,Bureau of Indian Affairs,https://www.bia.gov/,,bia,gov
Federal Agency - Executive,Department of the Interior,Bureau of Land Management - Main Domain,https://www.blm.gov/,,blm,gov
Federal Agency - Executive,Department of the Interior,Minerals Management Service,https://www.boem.gov/,,boem,gov
Federal Agency - Executive,Department of the Interior,Minerals Management Service,https://www.bsee.gov/,,bsee,gov
Federal Agency - Executive,Department of the Interior,Office of the Chief Information Officer,https://www.doi.gov/,,doi,gov
Federal Agency - Executive,Department of the Interior,Office of Inspector General,https://www.doioig.gov/,,doioig,gov
Federal Agency - Executive,Department of the Interior,US Geological Survey,https://earthquake.usgs.gov,earthquake,usgs,gov
Federal Agency - Executive,Department of the Interior,Department of the Interior,https://evergladesrestoration.gov/,,evergladesrestoration,gov
Federal Agency - Executive,Department of the Interior,U.S. Department of the Interior,https://everykidoutdoors.gov/index.htm,,everykidoutdoors,gov
Federal Agency - Executive,Department of the Interior,Interior Business Center,https://www.fcg.gov/,,fcg,gov
Federal Agency - Executive,Department of the Interior,US Geological Survey,https://www.fgdc.gov/,,fgdc,gov
Federal Agency - Executive,Department of the Interior,Department of the Interior,https://fireleadership.gov/,,fireleadership,gov
Federal Agency - Executive,Department of the Interior,National Wildfire Coordinating Group,https://sites.google.com/a/firenet.gov/www/,sites,google,com
Federal Agency - Executive,Department of the Interior,Joint Fire Science Program,https://www.firescience.gov/,,firescience,gov
Federal Agency - Executive,Department of the Interior,Fish and Wildlife Service,https://fws.gov/,,fws,gov
Federal Agency - Executive,Department of the Interior,US Geological Survey,https://geomac.gov/,,geomac,gov
Federal Agency - Executive,Department of the Interior,Department of the Interior,https://www.geoplatform.gov/,,geoplatform,gov
Federal Agency - Executive,Department of the Interior,Aviation Management Directorate,https://www.iat.gov/,,iat,gov
Federal Agency - Executive,Department of the Interior,Bureau of Indian Affairs,https://www.indianaffairs.gov/,,indianaffairs,gov
Federal Agency - Executive,Department of the Interior,Wetland and Aquatic Reserch Center,https://jem.gov/,,jem,gov
Federal Agency - Executive,Department of the Interior,US Geological Survey,https://www.lacoast.gov/new/Default.aspx,,lacoast,gov
Federal Agency - Executive,Department of the Interior,US Geological Survey,https://landfire.gov/,,landfire,gov
Federal Agency - Executive,Department of the Interior,Department of the Interior,https://archive.usgs.gov/archive/sites/www.landimaging.gov/index.html,archive,usgs,gov
Federal Agency - Executive,Department of the Interior,US Geological Survey,https://www.lca.gov/,,lca,gov
Federal Agency - Executive,Department of the Interior,US Geological Survey,https://www.usgs.gov/centers/lmg-water/,,usgs,gov
Federal Agency - Executive,Department of the Interior,US Geological Survey,https://www.mrlc.gov/,,mrlc,gov
Federal Agency - Executive,Department of the Interior,US Geological Survey,https://www.nemi.gov/home/,,nemi,gov
Federal Agency - Executive,Department of the Interior,National Fire Plan Operations & Reporting System,https://www.nfpors.gov/,,nfpors,gov
Federal Agency - Executive,Department of the Interior,National Interagency Fire Center,https://www.nifc.gov,,nifc,gov
Federal Agency - Executive,Department of the Interior,National Park Service,https://www.nps.gov/index.htm,,nps,gov
Federal Agency - Executive,Department of the Interior,Office of Navajo and Hopi Indian Relocation,https://www.onhir.gov/,,onhir,gov
Federal Agency - Executive,Department of the Interior,Minerals Management Service,https://www.onrr.gov/,,onrr,gov
Federal Agency - Executive,Department of the Interior,Office of Surface Mining,https://www.osmre.gov/,,osmre,gov
Federal Agency - Executive,Department of the Interior,USGS Bird Banding Laboratory,https://www.pwrc.usgs.gov/BBL/bblretrv/,pwrc,usgs,gov
Federal Agency - Executive,Department of the Interior,Fish and Wildlife Service,https://rivers.gov/,,rivers,gov
Federal Agency - Executive,Department of the Interior,Aviation Management Directorate,https://safecom.gov/,,safecom,gov
Federal Agency - Executive,Department of the Interior,USGS/Denver Federal Center,https://www.sciencebase.gov/,,sciencebase,gov
Federal Agency - Executive,Department of the Interior,Yosemite National Park,https://www.sierrawild.gov/,,sierrawild,gov
Federal Agency - Executive,Department of the Interior,Bureau of Land Management - Utah Fire Info Domain,https://utahfireinfo.gov/,,utahfireinfo,gov
Federal Agency - Executive,Department of the Interior,Volcano Science Center,https://volcano.gov/,,volcano,gov
Federal Agency - Executive,Department of the Interior,US Geological Survey,https://watermonitor.gov/,,watermonitor,gov
Federal Agency - Executive,Department of the Interior,US Geological Survey,https://www.wlci.gov/,,wlci,gov
Federal Agency - Executive,Department of the Treasury,Mint,https://www.usmint.gov/,,usmint,gov
Federal Agency - Executive,Department of the Treasury,Financial Management Service,https://asap.gov/,,asap,gov
Federal Agency - Executive,Department of the Treasury,Comptroller of the Currency,https://ayudaconmibanco.gov/,,ayudaconmibanco,gov
Federal Agency - Executive,Department of the Treasury,Comptroller of the Currency,https://bankanswers.gov/,,bankanswers,gov
Federal Agency - Executive,Department of the Treasury,Comptroller of the Currency,https://bankcustomer.gov/,,bankcustomer,gov
Federal Agency - Executive,Department of the Treasury,Comptroller of the Currency,https://bankcustomerassistance.gov/,,bankcustomerassistance,gov
Federal Agency - Executive,Department of the Treasury,Comptroller of the Currency,https://bankhelp.gov/,,bankhelp,gov
Federal Agency - Executive,Department of the Treasury,Comptroller of the Currency,https://www.banknet.gov/,,banknet,gov
Federal Agency - Executive,Department of the Treasury,Bureau of Engraving and Printing,https://bep.gov/,,bep,gov
Federal Agency - Executive,Department of the Treasury,Office of the Chief Information Officer,https://arc.fiscal.treasury.gov/financial_management_budget_formulation.htm,arc.fiscal,treasury,gov
Federal Agency - Executive,Department of the Treasury,Bureau of the Public Debt,https://bondpro.gov/,,bondpro,gov
Federal Agency - Executive,Department of the Treasury,Citizens Coinage Advisory Committee,https://www.ccac.gov/,,ccac,gov
Federal Agency - Executive,Department of the Treasury,Comptroller of the Currency,https://comptrollerofthecurrency.gov/,,comptrollerofthecurrency,gov
Federal Agency - Executive,Department of the Treasury,Financial Management Service,https://directoasucuenta.gov/gpw?language=es,,directoasucuenta,gov
Federal Agency - Executive,Department of the Treasury,Department of the Treasury,https://fiscal.treasury.gov/eaglecash/,fiscal,treasury,gov
Federal Agency - Executive,Department of the Treasury,Internal Revenue Service,https://www.eftps.gov/eftps/,,eftps,gov
Federal Agency - Executive,Department of the Treasury,Bureau of the Public Debt,https://www.ethicsburg.gov/EL/ELGateway,,ethicsburg,gov
Federal Agency - Executive,Department of the Treasury,Bureau of Engraving and Printing,https://eyenote.gov/,,eyenote,gov
Federal Agency - Executive,Department of the Treasury,Bureau of the Public Debt,https://federalinvestments.gov/,,federalinvestments,gov
Federal Agency - Executive,Department of the Treasury,Bureau of the Public Debt,https://fedinvest.gov/,,fedinvest,gov
Federal Agency - Executive,Department of the Treasury,Department of the Treasury,https://www.ffb.gov/,,ffb,gov
Federal Agency - Executive,Department of the Treasury,Office of Financial Research,https://www.financialresearch.gov/,,financialresearch,gov
Federal Agency - Executive,Department of the Treasury,Department of the Treasury,https://www.treasury.gov/initiatives/financial-stability/Pages/default.aspx,,treasury,gov
Federal Agency - Executive,Department of the Treasury,FinCEN,https://www.fincen.gov/,,fincen,gov
Federal Agency - Executive,Department of the Treasury,Department of the Treasury,https://home.treasury.gov/policy-issues/financial-markets-financial-institutions-and-fiscal-service/fsoc,home,treasury,gov
Federal Agency - Executive,Department of the Treasury,Financial Management Service,https://godirect.gov/gpw/,,godirect,gov
Federal Agency - Executive,Department of the Treasury,Comptroller of the Currency,https://helpwithmybank.gov/,,helpwithmybank,gov
Federal Agency - Executive,Department of the Treasury,Comptroller of the Currency,https://helpwithmycheckingaccount.gov/,,helpwithmycheckingaccount,gov
Federal Agency - Executive,Department of the Treasury,Comptroller of the Currency,https://helpwithmycreditcard.gov/,,helpwithmycreditcard,gov
Federal Agency - Executive,Department of the Treasury,Comptroller of the Currency,https://helpwithmycreditcardbank.gov/,,helpwithmycreditcardbank,gov
Federal Agency - Executive,Department of the Treasury,Comptroller of the Currency,https://helpwithmymortgage.gov/,,helpwithmymortgage,gov
Federal Agency - Executive,Department of the Treasury,Comptroller of the Currency,https://helpwithmymortgagebank.gov/,,helpwithmymortgagebank,gov
Federal Agency - Executive,Department of the Treasury,Financial Management Service,https://www.ipp.gov/,,ipp,gov
Federal Agency - Executive,Department of the Treasury,Internal Revenue Service,https://www.irs.gov/,,irs,gov
Federal Agency - Executive,Department of the Treasury,Internal Revenue Service,https://www.irsvideos.gov:443/,,irsvideos,gov
Federal Agency - Executive,Department of the Treasury,Office of the Chief Information Officer,https://www.makinghomeaffordable.gov/pages/default.aspx,,makinghomeaffordable,gov
Federal Agency - Executive,Department of the Treasury,Bureau of Engraving and Printing,https://moneyfactory.gov/,,moneyfactory,gov
Federal Agency - Executive,Department of the Treasury,Bureau of Engraving and Printing,https://catalog.usmint.gov/bureau-of-engraving-and-printing/,catalog,usmint,gov
Federal Agency - Executive,Department of the Treasury,Department of the Treasury,https://www.myra.gov/,,myra,gov
Federal Agency - Executive,Department of the Treasury,Office of the Chief Information Officer,https://www.mymoney.gov/Pages/default.aspx,,mymoney,gov
Federal Agency - Executive,Department of the Treasury,Comptroller of the Currency,https://nationalbankhelp.gov/,,nationalbankhelp,gov
Federal Agency - Executive,Department of the Treasury,Comptroller of the Currency,https://occ.gov/,,occ,gov
Federal Agency - Executive,Department of the Treasury,Comptroller of the Currency,https://occhelps.gov/,,occhelps,gov
Federal Agency - Executive,Department of the Treasury,Office of Thrift Supervision,https://ots.gov/,,ots,gov
Federal Agency - Executive,Department of the Treasury,Bureau of the Public Debt,https://patriotbonds.gov/,,patriotbonds,gov
Federal Agency - Executive,Department of the Treasury,Financial Management Service,https://pay.gov/,,pay,gov
Federal Agency - Executive,Department of the Treasury,Bureau of the Public Debt,https://savingsbond.gov/,,savingsbond,gov
Federal Agency - Executive,Department of the Treasury,Bureau of the Public Debt,https://savingsbonds.gov/,,savingsbonds,gov
Federal Agency - Executive,Department of the Treasury,Bureau of the Public Debt,https://savingsbondwizard.gov/,,savingsbondwizard,gov
Federal Agency - Executive,Department of the Treasury,Special Inspector General for the Troubled Asset Relief Program,https://www.sigtarp.gov/Pages/Home.aspx,,sigtarp,gov
Federal Agency - Executive,Department of the Treasury,Bureau of the Public Debt,https://slgs.gov/,,slgs,gov
Federal Agency - Executive,Department of the Treasury,Bureau of the Public Debt,https://taaps.gov/,,taaps,gov
Federal Agency - Executive,Department of the Treasury,Internal Revenue Service,https://www.tax.gov:443/,,tax,gov
Federal Agency - Executive,Department of the Treasury,Financial Management Service,https://treaslockbox.gov/,,treaslockbox,gov
Federal Agency - Executive,Department of the Treasury,Bureau of the Public Debt,https://treasuryauctions.gov/,,treasuryauctions,gov
Federal Agency - Executive,Department of the Treasury,Bureau of the Public Debt,https://treasurydirect.gov/,,treasurydirect,gov
Federal Agency - Executive,Department of the Treasury,Bureau of the Public Debt,https://treasuryhunt.gov/,,treasuryhunt,gov
Federal Agency - Executive,Department of the Treasury,Bureau of the Public Debt,https://treasuryscams.gov/,,treasuryscams,gov
Federal Agency - Executive,Department of the Treasury,Alcohol and Tobacco tax and Trade Bureau,https://www.ttb.gov/,,ttb,gov
Federal Agency - Executive,Department of the Treasury,Alcohol and Tobacco tax and Trade Bureau,https://ttbonline.gov/ttbonline/,,ttbonline,gov
Federal Agency - Executive,General Services Administration,Office of Citizen Services,https://www.usaspending.gov/,,usaspending,gov
Federal Agency - Executive,Department of the Treasury,Financial Management Service,https://www.usdebitcard.gov/,,usdebitcard,gov
Federal Agency - Executive,Department of the Treasury,Bureau of the Public Debt,https://wizard.gov/,,wizard,gov
Federal Agency - Executive,Department of Transportation,National Highway Traffic Safety Administration,https://www.911.gov/,,911,gov
Federal Agency - Executive,Department of Transportation,Bureau of Transportation Statistics,https://www.bts.gov/,,bts,gov
Federal Agency - Executive,Department of Transportation,National Highway Traffic Safety Administration,https://www.nhtsa.gov/risky-driving/distracted-driving,,nhtsa,gov
Federal Agency - Executive,Department of Transportation,Department of Transportation,https://www.transportation.gov/,,transportation,gov
Federal Agency - Executive,Department of Transportation,National Highway Traffic Safety Administration,https://www.ems.gov/,,ems,gov
Federal Agency - Executive,Department of Transportation,Mike Monroney Aeronautical Center,https://esc.gov/,,esc,gov
Federal Agency - Executive,Department of Transportation,Federal Aviation Administration,https://www.faa.gov/,,faa,gov
Federal Agency - Executive,Department of Transportation,FAASTeam,https://faasafety.gov/,,faasafety,gov
Federal Agency - Executive,Department of Transportation,Federal Motor Carrier Safety Administration,https://www.fmcsa.dot.gov/protect-your-move,fmcsa,dot,gov
Federal Agency - Executive,Department of Transportation,Office of the Chief Information Officer,https://www.safercar.gov/,,safercar,gov
Federal Agency - Executive,Department of Transportation,Bureau of Transportation Statistics,https://safeocs.gov/,,safeocs,gov
Federal Agency - Executive,Department of Transportation,DOT NHTSA,https://www.safertruck.gov/,,safertruck,gov
Federal Agency - Executive,Department of Transportation,National Highway Traffic Safety Administration,https://www.trafficsafetymarketing.gov/,,trafficsafetymarketing,gov
Federal Agency - Executive,Department of Veterans Affairs,Department of Veterans Affairs,https://www.va.gov/,,va,gov
Federal Agency - Executive,Director of National Intelligence,Office of the Director of National Intelligence,https://www.iarpa-ideas.gov/,,iarpa-ideas,gov
Federal Agency - Executive,Director of National Intelligence,ODNI - IARPA,https://www.iarpa.gov/,,iarpa,gov
Federal Agency - Executive,Director of National Intelligence,Office of the Director of National Intelligence,https://www.intel.gov/,,intel,gov
Federal Agency - Executive,Director of National Intelligence,Office of Director of National Intelligence - Public Affairs Office,https://www.intelligence.gov/,,intelligence,gov
Federal Agency - Executive,Director of National Intelligence,Office of Director of National Intelligence - Public Affairs Office,https://www.odni.gov/,,odni,gov
Federal Agency - Executive,Dwight D. Eisenhower Memorial Commission,Dwight D. Eisenhower Memorial Commission,https://eisenhowermemorial.gov/,,eisenhowermemorial,gov
Federal Agency - Executive,Election Assistance Commission,Election Assistance Commission,https://www.eac.gov/,,eac,gov
Federal Agency - Executive,Environmental Protection Agency,Environmental Protection Agency,https://www.airnow.gov/,,airnow,gov
Federal Agency - Executive,Environmental Protection Agency,United Sates Environmental Protection Agency,https://e-enterprise.gov/,,e-enterprise,gov
Federal Agency - Executive,Environmental Protection Agency,Environmental Protection Agency,https://www.energystar.gov/,,energystar,gov
Federal Agency - Executive,Environmental Protection Agency,Environmental Protection Agency,https://www.epa.gov/,,epa,gov
Federal Agency - Executive,Environmental Protection Agency,ERDC CERL,https://www.fedcenter.gov/,,fedcenter,gov
Federal Agency - Executive,Environmental Protection Agency,US Environmental Protection Agency,https://foiaonline.gov/,,foiaonline,gov
Federal Agency - Executive,Environmental Protection Agency,Office of Federal Sustainability,https://www.sustainability.gov/,,sustainability,gov
Federal Agency - Executive,Equal Employment Opportunity Commission,U. S. Equal Employment Opportunity Commission,https://www.eeoc.gov/,,eeoc,gov
Federal Agency - Executive,Executive Office of the President,Executive Office of the President,https://www.whitehouse.gov/ai/,,whitehouse,gov
Federal Agency - Executive,Executive Office of the President,Executive Office of the President,https://www.coronavirus.gov/,,coronavirus,gov
Federal Agency - Executive,Executive Office of the President,Executive Office of the President,https://coronavirustesting.gov/,,coronavirustesting,gov
Federal Agency - Executive,Executive Office of the President,Executive Office of the President,https://www.crisisnextdoor.gov/,,crisisnextdoor,gov
Federal Agency - Executive,Executive Office of the President,"Office of Management and Budget, Budget Review Division",https://portal.max.gov/portal/home,portal,max,gov
Federal Agency - Executive,Executive Office of the President,Council on Environmental Quality,https://ceq.doe.gov,ceq,doe,gov
Federal Agency - Executive,Executive Office of the President,United States Digital Service,https://www.usds.gov/,,usds,gov
Federal Agency - Executive,Executive Office of the President,United States Trade Representative,https://ustr.gov/,,ustr,gov
Federal Agency - Executive,Farm Credit Administration,Farm Credit Administration,https://www.fca.gov/,,fca,gov
Federal Agency - Executive,Farm Credit Administration,Farm Credit System Insurance Corporation,https://www.fcsic.gov/,,fcsic,gov
Federal Agency - Executive,Federal Communications Commission,Information Technology Center,https://www.fcc.gov/,,fcc,gov
Federal Agency - Executive,Federal Deposit Insurance Corporation,Federal Deposit Insurance Corporation,https://economicinclusion.gov/,,economicinclusion,gov
Federal Agency - Executive,Federal Deposit Insurance Corporation,Federal Deposit Insurance Corporation,https://www.fdic.gov/,,fdic,gov
Federal Agency - Executive,Federal Deposit Insurance Corporation,Federal Deposit Insurance Corporation,https://www.fdicconnect.gov/index.asp,,fdicconnect,gov
Federal Agency - Executive,Federal Deposit Insurance Corporation,Federal Deposit Insurance Corporation,https://www.fdicoig.gov/,,fdicoig,gov
Federal Agency - Executive,Federal Deposit Insurance Corporation,Federal Deposit Insurance Corporation,https://www.fdicseguro.gov/,,fdicseguro,gov
Federal Agency - Executive,Federal Election Commission,Federal Election Commission,https://www.fec.gov/,,fec,gov
Federal Agency - Executive,Federal Housing Finance Agency,Federal Housing Finance Agency,https://www.fhfa.gov/,,fhfa,gov
Federal Agency - Executive,Federal Housing Finance Agency,Office Of Inspector General,https://www.fhfaoig.gov/,,fhfaoig,gov
Federal Agency - Executive,Federal Labor Relations Authority,FLRA,https://www.flra.gov/,,flra,gov
Federal Agency - Executive,Federal Maritime Commission,Federal Maritime Commission,https://www.fmc.gov/,,fmc,gov
Federal Agency - Executive,Federal Mediation and Conciliation Service,Office of Conflict Management and Prevention,https://adr.gov/,,adr,gov
Federal Agency - Executive,Federal Mine Safety and Health Review Commission,Federal Mine Safety & Health Review Commission,https://fmshrc.gov/,,fmshrc,gov
Federal Agency - Executive,Federal Reserve Board of Governors,The Financial and Banking Information Infrastructure Committee,https://www.fbiic.gov/,,fbiic,gov
Federal Agency - Executive,Federal Reserve Board of Governors,Federal Reserve Bank,https://www.federalreserve.gov/,,federalreserve,gov
Federal Agency - Executive,Federal Reserve Board of Governors,Board of Governors of the Federal Reserve,https://federalreserveconsumerhelp.gov/,,federalreserveconsumerhelp,gov
Federal Agency - Executive,Federal Reserve Board of Governors,Federal Reserve Board of Governors,https://fedpartnership.gov/,,fedpartnership,gov
Federal Agency - Executive,Federal Reserve Board of Governors,Federal Financial Institutions Examination Council,https://www.ffiec.gov/,,ffiec,gov
Federal Agency - Executive,Federal Reserve Board of Governors,Federal Reserve Board,https://www.uscurrency.gov/,,uscurrency,gov
Federal Agency - Executive,Federal Retirement Thrift Investment Board,Federal Retirement Thrift Investment Board,https://www.tsp.gov/index.html,,tsp,gov
Federal Agency - Executive,Federal Retirement Thrift Investment Board,Federal Retirement Thrift Investment Board,https://www.frtib.gov/,,frtib,gov
Federal Agency - Executive,Federal Trade Commission,Federal Trade Commission,https://www.consumidor.ftc.gov/destacado/destacado-s0038-alerta-en-linea,consumidor,ftc,gov
Federal Agency - Executive,Federal Trade Commission,Federal Trade Commission,https://www.consumer.gov/,,consumer,gov
Federal Agency - Executive,Federal Trade Commission,Federal Trade Commission,https://www.consumersentinel.gov/,,consumersentinel,gov
Federal Agency - Executive,Federal Trade Commission,Federal Citizen Information Center/OCSC,https://www.consumidor.gov/,,consumidor,gov
Federal Agency - Executive,Federal Trade Commission,Federal Trade Commission,https://www.donotcall.gov,,donotcall,gov
Federal Agency - Executive,Federal Trade Commission,Federal Trade Commission,https://www.consumer.ftc.gov/features/feature-0028-we-dont-serve-teens,consumer,ftc,gov
Federal Agency - Executive,Federal Trade Commission,Federal Trade Commission,https://econsumer.gov/,,econsumer,gov
Federal Agency - Executive,Federal Trade Commission,Federal Trade Commission,https://www.ftc.gov/,,ftc,gov
Federal Agency - Executive,Federal Trade Commission,Federal Trade Commission,https://ftccomplaintassistant.gov/,,ftccomplaintassistant,gov
Federal Agency - Executive,Federal Trade Commission,Federal Trade Commission,https://ftcefile.gov/,,ftcefile,gov
Federal Agency - Executive,Federal Trade Commission,Federal Trade Commission,https://www.identitytheft.gov/,,identitytheft,gov
Federal Agency - Executive,Federal Trade Commission,Federal Trade Commission,https://www.militaryconsumer.gov/,,militaryconsumer,gov
Federal Agency - Executive,Federal Trade Commission,Federal Trade Commission,https://robodeidentidad.gov/,,robodeidentidad,gov
Federal Agency - Executive,General Services Administration,18F,https://18f.gsa.gov/,18f,gsa,gov
Federal Agency - Executive,General Services Administration,General Services Administration,https://www.section508.gov/,,section508,gov
Federal Agency - Executive,General Services Administration,Integrated Acquisition Environment,https://acquisition.gov/,,acquisition,gov
Federal Agency - Executive,General Services Administration,General Services Administration,https://afadvantage.gov/,,afadvantage,gov
Federal Agency - Executive,General Services Administration,Office of Citizen Services and Innovative Technologies,https://www.usa.gov/business?source=busa,,usa,gov
Federal Agency - Executive,General Services Administration,Electronic Government and Technology,https://buyaccessible.gov/,,buyaccessible,gov
Federal Agency - Executive,General Services Administration,General Services Administration,https://fbohome.sam.gov,fbohome,sam,gov
Federal Agency - Executive,General Services Administration,GSA-Interagency Management Division,https://cao.gov/cao-home,,cao,gov
Federal Agency - Executive,General Services Administration,Civilian Board of Contract Appeals,https://cbca.gov/,,cbca,gov
Federal Agency - Executive,General Services Administration,Chief Finanical Officers Council,https://www.cfo.gov,,cfo,gov
Federal Agency - Executive,General Services Administration,Office of Citizen Services,https://www.challenge.gov,,challenge,gov
Federal Agency - Executive,General Services Administration,Chief Information Officers Council,https://www.cio.gov/,,cio,gov
Federal Agency - Executive,General Services Administration,General Services Administration,https://www.citizenscience.gov,,citizenscience,gov
Federal Agency - Executive,General Services Administration,18F,https://cloud.gov/,,cloud,gov
Federal Agency - Executive,General Services Administration,General Services Administration,https://code.gov/,,code,gov
Federal Agency - Executive,General Services Administration,Federal Supply Service,https://computersforlearning.gov/,,computersforlearning,gov
Federal Agency - Executive,General Services Administration,General Services Administration,https://connect.gov/,,connect,gov
Federal Agency - Executive,General Services Administration,GSA Office of Acquisition Systems,https://contractdirectory.gov/contractdirectory/,,contractdirectory,gov
Federal Agency - Executive,General Services Administration,General Services Administration,https://cpars.gov/,,cpars,gov
Federal Agency - Executive,General Services Administration,General Services Administration,https://www.data.gov/,,data,gov
Federal Agency - Executive,General Services Administration,General Services Administration,https://digital.gov/,,digital,gov
Federal Agency - Executive,General Services Administration,General Services Administration,https://digitaldashboard.gov/,,digitaldashboard,gov
Federal Agency - Executive,General Services Administration,General Services Administration,https://home.dotgov.gov/,home,dotgov,gov
Federal Agency - Executive,General Services Administration,Office Of Acquisition Systems,https://www.esrs.gov/,,esrs,gov
Federal Agency - Executive,General Services Administration,Committee Management Secretariat,https://www.gsa.gov/policy-regulations/policy/federal-advisory-committee-act-faca-management-overview,,gsa,gov
Federal Agency - Executive,General Services Administration,Committee Management Secretariat,https://www.facadatabase.gov/FACA,,facadatabase,gov
Federal Agency - Executive,General Services Administration,Federal Acquisition Institute,https://www.fai.gov/,,fai,gov
Federal Agency - Executive,General Services Administration,General Services Administration,https://www.fapiis.gov/fapiis/index.action,,fapiis,gov
Federal Agency - Executive,General Services Administration,General Services Administration,https://hallways.cap.gsa.gov/app/#/dv/federal-business-forecast?fbf,hallways.cap,gsa,gov
Federal Agency - Executive,General Services Administration,General Services Administration,https://www.fdms.gov/fdms/login.do,,fdms,gov
Federal Agency - Executive,General Services Administration,Federal Acquisition Service,https://www.fedidcard.gov/,,fedidcard,gov
Federal Agency - Executive,General Services Administration,Office of Citizen Services and Innovative Technologies,https://www.fedramp.gov/,,fedramp,gov
Federal Agency - Executive,General Services Administration,Office of Government-wide Policy,https://sftool.gov/assess,,sftool,gov
Federal Agency - Executive,General Services Administration,General Services Administration,https://www.fpc.gov/,,fpc,gov
Federal Agency - Executive,General Services Administration,General Services Administration,https://www.frpg.gov/FRPG,,frpg,gov
Federal Agency - Executive,General Services Administration,"Office of the Chief Acquisition Officer, Office of Acquisition Systems",https://fsd.gov/,,fsd,gov
Federal Agency - Executive,General Services Administration,GSA Acquisition Systems Division,https://www.fsrs.gov/,,fsrs,gov
Federal Agency - Executive,General Services Administration,General Services Administration,https://www.govsales.gov/,,govsales,gov
Federal Agency - Executive,General Services Administration,General Services Administration,https://gsaadvantage.gov/,,gsaadvantage,gov
Federal Agency - Executive,General Services Administration,General Services Administration,https://gsaauctions.gov/gsaauctions/gsaauctions/,,gsaauctions,gov
Federal Agency - Executive,General Services Administration,General Services Administration,https://gsaxcess.gov/,,gsaxcess,gov
Federal Agency - Executive,General Services Administration,General Services Administration,https://www.idmanagement.gov/,,idmanagement,gov
Federal Agency - Executive,General Services Administration,General Services Administration,https://innovation.gov/,,innovation,gov
Federal Agency - Executive,General Services Administration,General Services Administration,https://itdashboard.gov/,,itdashboard,gov
Federal Agency - Executive,General Services Administration,General Services Administration,https://login.gov/,,login,gov
Federal Agency - Executive,General Services Administration,General Services Administration,https://domains.dotgov.gov/dotgov-web/,domains,dotgov,gov
Federal Agency - Executive,General Services Administration,Office of Citizen Services Innovative Technologies,https://www.performance.gov/,,performance,gov
Federal Agency - Executive,General Services Administration,General Services Administration,https://www.pic.gov/,,pic,gov
Federal Agency - Executive,General Services Administration,General Service Administration,https://presidentialinnovationfellows.gov/,,presidentialinnovationfellows,gov
Federal Agency - Executive,General Services Administration,Technology Transformation Service,https://plainlanguage.gov/,,plainlanguage,gov
Federal Agency - Executive,General Services Administration,Office of Real Property Utilization and Disposal (PBS),https://realestatesales.gov/,,realestatesales,gov
Federal Agency - Executive,General Services Administration,General Services Administration,https://www.realpropertyprofile.gov/FRPPMS,,realpropertyprofile,gov
Federal Agency - Executive,General Services Administration,Regulatory Information Service Center (RISC),https://www.reginfo.gov/public/,,reginfo,gov
Federal Agency - Executive,General Services Administration,General Services Administration,https://www.regulations.gov/,,regulations,gov
Federal Agency - Executive,General Services Administration,GSA Office of Government-wide Policy,https://www.reporting.gov,,reporting,gov
Federal Agency - Executive,General Services Administration,General Services Administration,https://www.rocis.gov/rocis/,,rocis,gov
Federal Agency - Executive,General Services Administration,General Services Administration,https://sam.gov/SAM/,,sam,gov
Federal Agency - Executive,General Services Administration,"Office of Evaluation Sciences, Office of Governmentwide Policy",https://sbst.gov/,,sbst,gov
Federal Agency - Executive,General Services Administration,General Services Administration,https://search.gov/,,search,gov
Federal Agency - Executive,General Services Administration,General Services Administration,https://www.usability.gov/,,usability,gov
Federal Agency - Executive,General Services Administration,General Services Administration,https://ussm.gsa.gov/,ussm,gsa,gov
Federal Agency - Executive,General Services Administration,"Office of Citizen Services and Innovative Technologies, GSA",https://vote.gov/,,vote,gov
Federal Agency - Executive,General Services Administration,General Services Administration,https://wdolhome.sam.gov,wdolhome,sam,gov
Federal Agency - Executive,GOV Domain OPS,Gov Domain Ops,https://fraho.gov/portal/,,fraho,gov
Federal Agency - Executive,Gulf Coast Ecosystem Restoration Council,National Oceanic and Atmospheric Administration (NOAA),https://restorethegulf.gov/,,restorethegulf,gov
Federal Agency - Executive,Harry S. Truman Scholarship Foundation,Harry S. Truman Scholarship Foundation,https://truman.gov/,,truman,gov
Federal Agency - Executive,Institute of Museum and Library Services,IMLS,https://www.imls.gov/,,imls,gov
Federal Agency - Executive,Inter-American Foundation,Inter-American Foundation,https://www.iaf.gov/,,iaf,gov
Federal Agency - Executive,James Madison Memorial Fellowship Foundation,James Madison Memorial Fellowship Foundation,https://www.jamesmadison.gov/,,jamesmadison,gov
Federal Agency - Executive,Legal Services Corporation,Legal Services Corporation,https://www.lsc.gov/,,lsc,gov
Federal Agency - Executive,Marine Mammal Commission,Marine Mammal Commission,https://www.mmc.gov/,,mmc,gov
Federal Agency - Executive,Merit Systems Protection Board,US Merit Systems Protection Board,https://www.mspb.gov/,,mspb,gov
Federal Agency - Executive,Millennium Challenge Corporation,MCC,https://www.mcc.gov/,,mcc,gov
Federal Agency - Executive,Morris K. Udall and Stewart L. Udall Foundation,Institute for Environmental Conflict Resolution,https://www.udall.gov/OurPrograms/Institute/Institute.aspx,,udall,gov
Federal Agency - Executive,National Aeronautics and Space Administration,National Aeronautics and Space Administration,https://www.nasa.gov/,,nasa,gov
Federal Agency - Executive,National Archives and Records Administration,National Archives and Records Administration,https://9-11commission.gov/,,9-11commission,gov
Federal Agency - Executive,National Archives and Records Administration,National Archives and Records Administration,https://911commission.gov/,,911commission,gov
Federal Agency - Executive,National Archives and Records Administration,National Archives and Records Administration,https://www.archives.gov/,,archives,gov
Federal Agency - Executive,National Archives and Records Administration,William Clinton Presidential Library,https://www.clintonlibrary.gov/,,clintonlibrary,gov
Federal Agency - Executive,National Archives and Records Administration,National Archives and Records Administration,https://www.eisenhowerlibrary.gov/,,eisenhowerlibrary,gov
Federal Agency - Executive,National Archives and Records Administration,National Archives and Records Administration,https://cybercemetery.unt.edu/archive/fcic/20110310172443/http://fcic.gov/,cybercemetery,unt,edu
Federal Agency - Executive,National Archives and Records Administration,Gerald R. Ford Library and Museum,https://www.fordlibrarymuseum.gov/,,fordlibrarymuseum,gov
Federal Agency - Executive,National Archives and Records Administration,National Archives and Records Administration,https://georgewbushlibrary.smu.edu/,georgewbushlibrary,smu,edu
Federal Agency - Executive,National Archives and Records Administration,National Archives and Records Administration,https://historyhub.history.gov/welcome,historyhub,history,gov
Federal Agency - Executive,National Archives and Records Administration,Jimmy Carter Library & Museum,https://jimmycarterlibrary.gov/,,jimmycarterlibrary,gov
Federal Agency - Executive,National Archives and Records Administration,NPOL,https://www.nixonlibrary.gov/,,nixonlibrary,gov
Federal Agency - Executive,National Archives and Records Administration,National Archives and Records Administration,https://www.obamalibrary.gov/,,obamalibrary,gov
Federal Agency - Executive,National Archives and Records Administration,National Archives and Records Administration,https://obamawhitehouse.archives.gov/,obamawhitehouse,archives,gov
Federal Agency - Executive,National Archives and Records Administration,National Archives and Records Administration,https://www.ourdocuments.gov/,,ourdocuments,gov
Federal Agency - Executive,National Archives and Records Administration,Policy and Planning,https://www.reaganlibrary.gov/,,reaganlibrary,gov
Federal Agency - Executive,National Archives and Records Administration,National Archives and Records Administration,https://www.trumanlibrary.gov/,,trumanlibrary,gov
Federal Agency - Executive,National Archives and Records Administration,National Archives and Records Administration,https://www.webharvest.gov/,,webharvest,gov
Federal Agency - Executive,National Capital Planning Commission,National Capital Planning Commission,https://www.ncpc.gov/,,ncpc,gov
Federal Agency - Executive,National Commission on Military Aviation Safety,National Commission on Military Aviation Safety,https://militaryaviationsafety.gov/,,militaryaviationsafety,gov
Federal Agency - Executive,National Council on Disability,National Council on Disability,https://ncd.gov/,,ncd,gov
Federal Agency - Executive,National Credit Union Administration,National Credit Union Administration,https://www.mycreditunion.gov/,,mycreditunion,gov
Federal Agency - Executive,National Credit Union Administration,National Credit Union Administration,https://www.ncua.gov/,,ncua,gov
Federal Agency - Executive,National Endowment for the Arts,National Endowment for the Arts,https://www.arts.gov/,,arts,gov
Federal Agency - Executive,National Endowment for the Humanities,National Endowment for the Humanities,https://www.neh.gov/,,neh,gov
Federal Agency - Executive,National Gallery of Art,The National Gallery of Art,https://www.nga.gov/,,nga,gov
Federal Agency - Executive,National Indian Gaming Commission,National Indian Gaming Commision,https://www.nigc.gov/,,nigc,gov
Federal Agency - Executive,National Mediation Board,National Mediation Board,https://nmb.gov/,,nmb,gov
Federal Agency - Executive,National Nanotechnology Coordination Office,National Nanotechnology Coordination Office,https://www.nano.gov/,,nano,gov
Federal Agency - Executive,National Nuclear Security Administration,"National Security Technologies, LLC",https://www.nnss.gov/,,nnss,gov
Federal Agency - Executive,National Science Foundation,U.S. Arctic Research Commission,https://arctic.gov/,,arctic,gov
Federal Agency - Executive,National Science Foundation,National Science Foundation,https://nsf.gov/,,nsf,gov
Federal Agency - Executive,National Science Foundation,National Science Foundation,https://www.research.gov/research-web/,,research,gov
Federal Agency - Executive,National Science Foundation,National Science Foundation,https://sac.gov/,,sac,gov
Federal Agency - Executive,National Science Foundation,"National Science Foundation, Office of Polar Programs",https://www.usap.gov/,,usap,gov
Federal Agency - Executive,National Security Agency,National Security Agency,https://www.intelligencecareers.gov/,,intelligencecareers,gov
Federal Agency - Executive,National Security Commission on Artificial Intelligence,National Security Commission on Artificial Intelligence,https://www.nscai.gov/,,nscai,gov
Federal Agency - Executive,National Transportation Safety Board,National Transportation Safety Board,https://ntsb.gov/Pages/default.aspx,,ntsb,gov
Federal Agency - Executive,Networking Information Technology Research and Development,National Coordination Office - for Networking and Information Technology Research and Development (N,https://nitrd.gov/,,nitrd,gov
Federal Agency - Executive,Northern Border Regional Commission,Northern Border Regional Commission,http://www.nbrc.gov/,,nbrc,gov
Federal Agency - Executive,Nuclear Regulatory Commission,Nuclear Regulatory Commission,https://public-blog.nrc-gateway.gov/,public-blog,nrc-gateway,gov
Federal Agency - Executive,Nuclear Regulatory Commission,Nuclear Regulatory Commission,https://www.nrc.gov/,,nrc,gov
Federal Agency - Executive,Occupational Safety & Health Review Commission,Occupational Safety & Health Review Commission,https://www.oshrc.gov/,,oshrc,gov
Federal Agency - Executive,Office of Government Ethics,Office of Government Ethics,https://integrity.gov/efeds-forms-harness/ui/wizard.html#/dashboard/mytasks,,integrity,gov
Federal Agency - Executive,Office of Government Ethics,Office of Government Ethics,https://oge.gov/,,oge,gov
Federal Agency - Executive,Office of Personnel Management,Office of Personnel Management,https://www.chcoc.gov/,,chcoc,gov
Federal Agency - Executive,Office of Personnel Management,US Office of Personnel Managemet,https://www.cybercareers.gov/,,cybercareers,gov
Federal Agency - Executive,Office of Personnel Management,Federal Executive Board,https://feb.gov/,,feb,gov
Federal Agency - Executive,Office of Personnel Management,Office of Personnel Management,https://www.usajobs.gov/,,usajobs,gov
Federal Agency - Executive,Office of Personnel Management,Office of Personnel Management,https://www.fedshirevets.gov/,,fedshirevets,gov
Federal Agency - Executive,Office of Personnel Management,Office of Personnel Management,https://www.opm.gov/healthcare-insurance/life-insurance,,opm,gov
Federal Agency - Executive,Office of Personnel Management,Office of Personnel Management,https://www.dcsa.mil/,,dcsa,mil
Federal Agency - Executive,Office of Personnel Management,Presidential Management Fellows Program,https://pmf.gov/,,pmf,gov
Federal Agency - Executive,Office of Personnel Management,Office of Personnel Management,https://telework.gov/,,telework,gov
Federal Agency - Executive,Office of Personnel Management,Office of Personnel Management,https://unlocktalent.gov/,,unlocktalent,gov
Federal Agency - Executive,Office of Personnel Management,Office of e-Government Initiatives,https://usalearning.gov/,,usalearning,gov
Federal Agency - Executive,Postal Regulatory Commission,Postal Regulatory Commission,https://www.prc.gov/,,prc,gov
Federal Agency - Executive,Presidio Trust,Presidio Trust,https://www.presidio.gov/,,presidio,gov
Federal Agency - Executive,Privacy and Civil Liberties Oversight Board,Privacy & Civil Liberties Oversight Board,https://www.pclob.gov/,,pclob,gov
Federal Agency - Executive,Public Buildings Reform Board,General Services Administration,https://www.pbrb.gov,,pbrb,gov
Federal Agency - Executive,Railroad Retirement Board,Railroad Retirement Board,https://rrb.gov/,,rrb,gov
Federal Agency - Executive,Securities and Exchange Commission,Securities and Exchange Commission,https://www.investor.gov/,,investor,gov
Federal Agency - Executive,Securities and Exchange Commission,Network Operations Branch,https://www.sec.gov/,,sec,gov
Federal Agency - Executive,Selective Service System,Selective Service System,https://www.sss.gov/,,sss,gov
Federal Agency - Executive,Small Business Administration,U.S. Small Business Administration,https://www.sba.gov/,,sba,gov
Federal Agency - Executive,Small Business Administration,U.S. Small Business Administration,https://www.nwbc.gov/,,nwbc,gov
Federal Agency - Executive,Small Business Administration,SBA-Office of Innovation & Technology,https://www.sbir.gov/,,sbir,gov
Federal Agency - Executive,Smithsonian Institution,Smithsonian Institution,https://itis.gov/,,itis,gov
Federal Agency - Executive,Social Security Administration,Social Security Administration,https://www.ssa.gov/espanol/,,ssa,gov
Federal Agency - Executive,Social Security Advisory Board,Social Security Advisory Board,https://www.ssab.gov/,,ssab,gov
Federal Agency - Executive,State Justice Institute,State Justice Institute,https://www.sji.gov/,,sji,gov
Federal Agency - Executive,Surface Transportation Board,Surface Transportation Board,https://prod.stb.gov,prod,stb,gov
Federal Agency - Executive,Tennessee Valley Authority,TVA IT,https://www.tva.com/,,tva,com
Federal Agency - Executive,U.S. Agency for International Development,Center on Children in Adversity,http://www.childreninadversity.gov/,,childreninadversity,gov
Federal Agency - Executive,U.S. Agency for International Development,U.S. Agency for International Development,https://www.feedthefuture.gov/,,feedthefuture,gov
Federal Agency - Executive,U.S. Agency for International Development,U.S. Agency for International Development,http://www.neglecteddiseases.gov/,,neglecteddiseases,gov
Federal Agency - Executive,U.S. Agency for International Development,President's Malaria Initiative,http://www.pmi.gov/,,pmi,gov
Federal Agency - Executive,U.S. Agency for International Development,U.S. Agency for International Development,https://usaid.gov/,,usaid,gov
Federal Agency - Executive,U.S. Commission for the Preservation of Americas Heritage Abroad,U.S. Commission for the Preservation of America's Heritage Abroad,https://heritageabroad.gov/,,heritageabroad,gov
Federal Agency - Executive,U.S. Commission of Fine Arts,U. S. Commission of Fine Arts,https://www.cfa.gov/,,cfa,gov
Federal Agency - Executive,U.S. Commission on Civil Rights,U.S. Commission on Civil Rights,https://www.usccr.gov/,,usccr,gov
Federal Agency - Executive,U.S. Commission on International Religious Freedom,US Commission on International Religious Freedom,https://www.uscirf.gov/,,uscirf,gov
Federal Agency - Executive,Department of Agriculture,Aviation Management Directorate,https://www.aff.gov/,,aff,gov
Federal Agency - Executive,Department of Agriculture,Agricultural Research Service,https://www.ars-grin.gov/,,ars-grin,gov
Federal Agency - Executive,Department of Agriculture,Office of the Chief Information Officer,https://www.fsis.usda.gov/wps/portal/fsis/topics/food-safety-education/teach-others/fsis-educational-campaigns/be-food-safe,fsis,usda,gov
Federal Agency - Executive,Department of Agriculture,Office of Energy Policy and New Uses,https://www.biopreferred.gov/BioPreferred/,,biopreferred,gov
Federal Agency - Executive,Department of Agriculture,Forest Service,https://bosque.gov/,,bosque,gov
Federal Agency - Executive,Department of Agriculture,USDA Center for Nutrition Policy & Promotion,https://www.choosemyplate.gov/,,choosemyplate,gov
Federal Agency - Executive,Department of Agriculture,USDA - Center for Nutrition Policy and Promotion,https://www.dietaryguidelines.gov/,,dietaryguidelines,gov
Federal Agency - Executive,Department of Agriculture,Department of Agriculture,https://www.execsec.gov/,,execsec,gov
Federal Agency - Executive,Department of Agriculture,"USDA, Office of Communications",https://www.farmers.gov/,,farmers,gov
Federal Agency - Executive,Department of Agriculture,Forest Service,https://forestsandrangelands.gov/,,forestsandrangelands,gov
Federal Agency - Executive,Department of Agriculture,Forest Service,https://www.fs.fed.us/r6/icbemp/,,fs,fed.us
Federal Agency - Executive,Department of Agriculture,National Agricultural Library,https://www.invasivespeciesinfo.gov/,,invasivespeciesinfo,gov
Federal Agency - Executive,Department of Agriculture,National Agricultural Library,https://www.itap.gov/,,itap,gov
Federal Agency - Executive,Department of Agriculture,National Agricultural Library,https://www.lcacommons.gov/lca-collaboration/,,lcacommons,gov
Federal Agency - Executive,Department of Agriculture,USDA Forest Service Remote Sensing Applications Center,https://mtbs.gov/,,mtbs,gov
Federal Agency - Executive,Department of Agriculture,National Advanced Fire and Resource Institute,https://nafri.gov/,,nafri,gov
Federal Agency - Executive,Department of Agriculture,USDA Center for Nutrition Policy & Promotion,https://nesr.usda.gov/,nesr,usda,gov
Federal Agency - Executive,Department of Agriculture,Office of Communications,https://www.nutrition.gov,,nutrition,gov
Federal Agency - Executive,Department of Agriculture,National Wildfire Coordinating Group (NWCG),https://www.nwcg.gov/,,nwcg,gov
Federal Agency - Executive,Department of Agriculture,Forest Park Service,https://smokeybear.com/en,,smokeybear,com
Federal Agency - Executive,Department of Agriculture,Forest Service,https://apps.fs.usda.gov/symbols,apps.fs,usda,gov
Federal Agency - Executive,Department of Agriculture,Department of Agriculture,https://www.usda.gov/,,usda,gov
Federal Agency - Executive,U.S. Nuclear Waste Technical Review Board,Nuclear Waste Technical Review Board,https://nwtrb.gov/,,nwtrb,gov
Federal Agency - Executive,U.S. Office of Special Counsel,US Office of Special Counsel,https://osc.gov/,,osc,gov
Federal Agency - Executive,U.S. Peace Corps,Peace Corps,https://www.peacecorps.gov/,,peacecorps,gov
Federal Agency - Executive,United States AbilityOne,Committee for Purchase From People Who are Blind or Severely Disabled,https://abilityone.gov/,,abilityone,gov
Federal Agency - Executive,United States AbilityOne,Committee for Purchase From People Who are Blind or Severely Disabled,https://jwod.gov/,,jwod,gov
Federal Agency - Executive,United States Access Board,U.S Access Board,https://www.access-board.gov/,,access-board,gov
Federal Agency - Executive,United States African Development Foundation,African Development Foundation,https://www.usadf.gov/,,usadf,gov
Federal Agency - Executive,United States Institute of Peace,GSA/United States Institute of Peace,https://www.usip.org/?utm_source=www.usip.gov,,usip,org
Federal Agency - Executive,United States Interagency Council on Homelessness,United States Interagency Council on Homelessness,https://www.usich.gov/,,usich,gov
Federal Agency - Executive,United States International Development Finance Corporation,US International Development Finance Corporation,https://www.dfc.gov/,,dfc,gov
Federal Agency - Executive,United States International Development Finance Corporation,US International Development Finance Corporation,https://www.opic.gov/,,opic,gov
Federal Agency - Executive,United States International Trade Commission,United States International Trade Commission,https://usitc.gov/,,usitc,gov
Federal Agency - Executive,United States Postal Service,U.S. Postal Service,https://www.uspis.gov/,,uspis,gov
Federal Agency - Executive,United States Trade and Development Agency,US Trade and Development Agency,https://ustda.gov/,,ustda,gov
